fecha_resultado,n,corte
2020-03-06,1,2020-08-01
2020-03-07,5,2020-08-01
2020-03-08,2,2020-08-01
2020-03-09,3,2020-08-01
2020-03-10,1,2020-08-01
2020-03-11,8,2020-08-01
2020-03-12,8,2020-08-01
2020-03-13,10,2020-08-01
2020-03-14,19,2020-08-01
2020-03-15,28,2020-08-01
2020-03-16,20,2020-08-01
2020-03-17,27,2020-08-01
2020-03-18,56,2020-08-01
2020-03-19,62,2020-08-01
2020-03-20,56,2020-08-01
2020-03-21,30,2020-08-01
2020-03-22,39,2020-08-01
2020-03-23,33,2020-08-01
2020-03-24,64,2020-08-01
2020-03-25,100,2020-08-01
2020-03-26,52,2020-08-01
2020-03-27,34,2020-08-01
2020-03-28,136,2020-08-01
2020-03-29,142,2020-08-01
2020-03-30,130,2020-08-01
2020-03-31,250,2020-08-01
2020-04-01,117,2020-08-01
2020-04-02,222,2020-08-01
2020-04-03,292,2020-08-01
2020-04-04,833,2020-08-01
2020-04-05,444,2020-08-01
2020-04-06,647,2020-08-01
2020-04-07,1042,2020-08-01
2020-04-08,1083,2020-08-01
2020-04-09,817,2020-08-01
2020-04-10,1038,2020-08-01
2020-04-11,1404,2020-08-01
2020-04-12,738,2020-08-01
2020-04-13,1283,2020-08-01
2020-04-14,1041,2020-08-01
2020-04-15,1383,2020-08-01
2020-04-16,1329,2020-08-01
2020-04-17,1109,2020-08-01
2020-04-18,1407,2020-08-01
2020-04-19,1076,2020-08-01
2020-04-20,2038,2020-08-01
2020-04-21,2171,2020-08-01
2020-04-22,2103,2020-08-01
2020-04-23,2056,2020-08-01
2020-04-24,2239,2020-08-01
2020-04-25,2397,2020-08-01
2020-04-26,1422,2020-08-01
2020-04-27,3399,2020-08-01
2020-04-28,3367,2020-08-01
2020-04-29,4238,2020-08-01
2020-04-30,3372,2020-08-01
2020-05-01,2624,2020-08-01
2020-05-02,3369,2020-08-01
2020-05-03,1922,2020-08-01
2020-05-04,3990,2020-08-01
2020-05-05,3969,2020-08-01
2020-05-06,3634,2020-08-01
2020-05-07,3611,2020-08-01
2020-05-08,3295,2020-08-01
2020-05-09,2469,2020-08-01
2020-05-10,936,2020-08-01
2020-05-11,3601,2020-08-01
2020-05-12,4347,2020-08-01
2020-05-13,4441,2020-08-01
2020-05-14,3739,2020-08-01
2020-05-15,4304,2020-08-01
2020-05-16,4124,2020-08-01
2020-05-17,1785,2020-08-01
2020-05-18,5128,2020-08-01
2020-05-19,5198,2020-08-01
2020-05-20,5289,2020-08-01
2020-05-21,5514,2020-08-01
2020-05-22,6099,2020-08-01
2020-05-23,5399,2020-08-01
2020-05-24,1791,2020-08-01
2020-05-25,6968,2020-08-01
2020-05-26,6919,2020-08-01
2020-05-27,7363,2020-08-01
2020-05-28,6421,2020-08-01
2020-05-29,5743,2020-08-01
2020-05-30,4611,2020-08-01
2020-05-31,2259,2020-08-01
2020-06-01,4238,2020-08-01
2020-06-02,3770,2020-08-01
2020-06-03,2608,2020-08-01
2020-06-04,4012,2020-08-01
2020-06-05,4943,2020-08-01
2020-06-06,4743,2020-08-01
2020-06-07,2635,2020-08-01
2020-06-08,4740,2020-08-01
2020-06-09,5307,2020-08-01
2020-06-10,5723,2020-08-01
2020-06-11,5065,2020-08-01
2020-06-12,4657,2020-08-01
2020-06-13,4498,2020-08-01
2020-06-14,2438,2020-08-01
2020-06-15,4356,2020-08-01
2020-06-16,3370,2020-08-01
2020-06-17,3884,2020-08-01
2020-06-18,3404,2020-08-01
2020-06-19,3437,2020-08-01
2020-06-20,3506,2020-08-01
2020-06-21,1445,2020-08-01
2020-06-22,4326,2020-08-01
2020-06-23,3755,2020-08-01
2020-06-24,4101,2020-08-01
2020-06-25,4148,2020-08-01
2020-06-26,4327,2020-08-01
2020-06-27,3518,2020-08-01
2020-06-28,1594,2020-08-01
2020-06-29,2725,2020-08-01
2020-06-30,3741,2020-08-01
2020-07-01,3632,2020-08-01
2020-07-02,3339,2020-08-01
2020-07-03,3841,2020-08-01
2020-07-04,3509,2020-08-01
2020-07-05,2298,2020-08-01
2020-07-06,3742,2020-08-01
2020-07-07,3998,2020-08-01
2020-07-08,2538,2020-08-01
2020-07-09,2458,2020-08-01
2020-07-10,4885,2020-08-01
2020-07-11,4219,2020-08-01
2020-07-12,2378,2020-08-01
2020-07-13,3090,2020-08-01
2020-07-14,4119,2020-08-01
2020-07-15,4325,2020-08-01
2020-07-16,4500,2020-08-01
2020-07-17,5088,2020-08-01
2020-07-18,5040,2020-08-01
2020-07-19,2216,2020-08-01
2020-07-20,3722,2020-08-01
2020-07-21,4718,2020-08-01
2020-07-22,5835,2020-08-01
2020-07-23,5231,2020-08-01
2020-07-24,5544,2020-08-01
2020-07-25,5216,2020-08-01
2020-07-26,2813,2020-08-01
2020-07-27,6269,2020-08-01
2020-07-28,2443,2020-08-01
2020-07-29,3187,2020-08-01
2020-03-06,1,2020-08-14
2020-03-07,5,2020-08-14
2020-03-08,2,2020-08-14
2020-03-09,3,2020-08-14
2020-03-10,1,2020-08-14
2020-03-11,8,2020-08-14
2020-03-12,8,2020-08-14
2020-03-13,10,2020-08-14
2020-03-14,19,2020-08-14
2020-03-15,28,2020-08-14
2020-03-16,20,2020-08-14
2020-03-17,27,2020-08-14
2020-03-18,56,2020-08-14
2020-03-19,62,2020-08-14
2020-03-20,56,2020-08-14
2020-03-21,30,2020-08-14
2020-03-22,39,2020-08-14
2020-03-23,33,2020-08-14
2020-03-24,64,2020-08-14
2020-03-25,100,2020-08-14
2020-03-26,52,2020-08-14
2020-03-27,34,2020-08-14
2020-03-28,136,2020-08-14
2020-03-29,142,2020-08-14
2020-03-30,130,2020-08-14
2020-03-31,250,2020-08-14
2020-04-01,117,2020-08-14
2020-04-02,222,2020-08-14
2020-04-03,292,2020-08-14
2020-04-04,833,2020-08-14
2020-04-05,444,2020-08-14
2020-04-06,647,2020-08-14
2020-04-07,1042,2020-08-14
2020-04-08,1083,2020-08-14
2020-04-09,817,2020-08-14
2020-04-10,1038,2020-08-14
2020-04-11,1404,2020-08-14
2020-04-12,738,2020-08-14
2020-04-13,1284,2020-08-14
2020-04-14,1041,2020-08-14
2020-04-15,1383,2020-08-14
2020-04-16,1329,2020-08-14
2020-04-17,1109,2020-08-14
2020-04-18,1407,2020-08-14
2020-04-19,1076,2020-08-14
2020-04-20,2039,2020-08-14
2020-04-21,2171,2020-08-14
2020-04-22,2104,2020-08-14
2020-04-23,2056,2020-08-14
2020-04-24,2239,2020-08-14
2020-04-25,2397,2020-08-14
2020-04-26,1422,2020-08-14
2020-04-27,3399,2020-08-14
2020-04-28,3367,2020-08-14
2020-04-29,4238,2020-08-14
2020-04-30,3372,2020-08-14
2020-05-01,2625,2020-08-14
2020-05-02,3369,2020-08-14
2020-05-03,1922,2020-08-14
2020-05-04,3990,2020-08-14
2020-05-05,3969,2020-08-14
2020-05-06,3634,2020-08-14
2020-05-07,3612,2020-08-14
2020-05-08,3297,2020-08-14
2020-05-09,2469,2020-08-14
2020-05-10,936,2020-08-14
2020-05-11,3601,2020-08-14
2020-05-12,4348,2020-08-14
2020-05-13,4441,2020-08-14
2020-05-14,3739,2020-08-14
2020-05-15,4304,2020-08-14
2020-05-16,4125,2020-08-14
2020-05-17,1785,2020-08-14
2020-05-18,5130,2020-08-14
2020-05-19,5198,2020-08-14
2020-05-20,5290,2020-08-14
2020-05-21,5514,2020-08-14
2020-05-22,6100,2020-08-14
2020-05-23,5399,2020-08-14
2020-05-24,1792,2020-08-14
2020-05-25,6968,2020-08-14
2020-05-26,6919,2020-08-14
2020-05-27,7371,2020-08-14
2020-05-28,6425,2020-08-14
2020-05-29,5745,2020-08-14
2020-05-30,4613,2020-08-14
2020-05-31,2262,2020-08-14
2020-06-01,4242,2020-08-14
2020-06-02,3774,2020-08-14
2020-06-03,2614,2020-08-14
2020-06-04,4029,2020-08-14
2020-06-05,4944,2020-08-14
2020-06-06,4764,2020-08-14
2020-06-07,2637,2020-08-14
2020-06-08,4743,2020-08-14
2020-06-09,5310,2020-08-14
2020-06-10,5726,2020-08-14
2020-06-11,5069,2020-08-14
2020-06-12,4661,2020-08-14
2020-06-13,4500,2020-08-14
2020-06-14,2441,2020-08-14
2020-06-15,4363,2020-08-14
2020-06-16,3376,2020-08-14
2020-06-17,3915,2020-08-14
2020-06-18,3436,2020-08-14
2020-06-19,3447,2020-08-14
2020-06-20,3526,2020-08-14
2020-06-21,1446,2020-08-14
2020-06-22,4335,2020-08-14
2020-06-23,3768,2020-08-14
2020-06-24,4109,2020-08-14
2020-06-25,4154,2020-08-14
2020-06-26,4331,2020-08-14
2020-06-27,3526,2020-08-14
2020-06-28,1598,2020-08-14
2020-06-29,2729,2020-08-14
2020-06-30,3748,2020-08-14
2020-07-01,3648,2020-08-14
2020-07-02,3349,2020-08-14
2020-07-03,3862,2020-08-14
2020-07-04,3518,2020-08-14
2020-07-05,2299,2020-08-14
2020-07-06,3783,2020-08-14
2020-07-07,4035,2020-08-14
2020-07-08,2598,2020-08-14
2020-07-09,2495,2020-08-14
2020-07-10,4913,2020-08-14
2020-07-11,4246,2020-08-14
2020-07-12,2380,2020-08-14
2020-07-13,3114,2020-08-14
2020-07-14,4194,2020-08-14
2020-07-15,4432,2020-08-14
2020-07-16,4535,2020-08-14
2020-07-17,5141,2020-08-14
2020-07-18,5066,2020-08-14
2020-07-19,2228,2020-08-14
2020-07-20,3756,2020-08-14
2020-07-21,4815,2020-08-14
2020-07-22,5972,2020-08-14
2020-07-23,5474,2020-08-14
2020-07-24,5960,2020-08-14
2020-07-25,5626,2020-08-14
2020-07-26,2950,2020-08-14
2020-07-27,7071,2020-08-14
2020-07-28,3017,2020-08-14
2020-07-29,6721,2020-08-14
2020-07-30,7248,2020-08-14
2020-07-31,7601,2020-08-14
2020-08-01,6697,2020-08-14
2020-08-02,3194,2020-08-14
2020-08-03,7818,2020-08-14
2020-08-04,7754,2020-08-14
2020-08-05,7508,2020-08-14
2020-08-06,8442,2020-08-14
2020-08-07,7262,2020-08-14
2020-08-08,6535,2020-08-14
2020-08-09,3329,2020-08-14
2020-08-10,7172,2020-08-14
2020-08-11,7590,2020-08-14
2020-08-12,5069,2020-08-14
2020-03-06,1,2020-08-31
2020-03-07,5,2020-08-31
2020-03-08,2,2020-08-31
2020-03-09,3,2020-08-31
2020-03-10,1,2020-08-31
2020-03-11,8,2020-08-31
2020-03-12,8,2020-08-31
2020-03-13,10,2020-08-31
2020-03-14,19,2020-08-31
2020-03-15,28,2020-08-31
2020-03-16,20,2020-08-31
2020-03-17,27,2020-08-31
2020-03-18,56,2020-08-31
2020-03-19,62,2020-08-31
2020-03-20,56,2020-08-31
2020-03-21,30,2020-08-31
2020-03-22,39,2020-08-31
2020-03-23,33,2020-08-31
2020-03-24,64,2020-08-31
2020-03-25,100,2020-08-31
2020-03-26,52,2020-08-31
2020-03-27,34,2020-08-31
2020-03-28,136,2020-08-31
2020-03-29,142,2020-08-31
2020-03-30,130,2020-08-31
2020-03-31,250,2020-08-31
2020-04-01,117,2020-08-31
2020-04-02,222,2020-08-31
2020-04-03,292,2020-08-31
2020-04-04,833,2020-08-31
2020-04-05,444,2020-08-31
2020-04-06,647,2020-08-31
2020-04-07,1042,2020-08-31
2020-04-08,1083,2020-08-31
2020-04-09,817,2020-08-31
2020-04-10,1038,2020-08-31
2020-04-11,1404,2020-08-31
2020-04-12,738,2020-08-31
2020-04-13,1284,2020-08-31
2020-04-14,1041,2020-08-31
2020-04-15,1383,2020-08-31
2020-04-16,1329,2020-08-31
2020-04-17,1109,2020-08-31
2020-04-18,1407,2020-08-31
2020-04-19,1076,2020-08-31
2020-04-20,2039,2020-08-31
2020-04-21,2171,2020-08-31
2020-04-22,2104,2020-08-31
2020-04-23,2056,2020-08-31
2020-04-24,2239,2020-08-31
2020-04-25,2397,2020-08-31
2020-04-26,1422,2020-08-31
2020-04-27,3400,2020-08-31
2020-04-28,3367,2020-08-31
2020-04-29,4238,2020-08-31
2020-04-30,3372,2020-08-31
2020-05-01,2625,2020-08-31
2020-05-02,3370,2020-08-31
2020-05-03,1922,2020-08-31
2020-05-04,3990,2020-08-31
2020-05-05,3969,2020-08-31
2020-05-06,3634,2020-08-31
2020-05-07,3612,2020-08-31
2020-05-08,3297,2020-08-31
2020-05-09,2469,2020-08-31
2020-05-10,936,2020-08-31
2020-05-11,3601,2020-08-31
2020-05-12,4348,2020-08-31
2020-05-13,4442,2020-08-31
2020-05-14,3739,2020-08-31
2020-05-15,4305,2020-08-31
2020-05-16,4125,2020-08-31
2020-05-17,1785,2020-08-31
2020-05-18,5130,2020-08-31
2020-05-19,5199,2020-08-31
2020-05-20,5291,2020-08-31
2020-05-21,5522,2020-08-31
2020-05-22,6100,2020-08-31
2020-05-23,5401,2020-08-31
2020-05-24,1792,2020-08-31
2020-05-25,6971,2020-08-31
2020-05-26,6920,2020-08-31
2020-05-27,7372,2020-08-31
2020-05-28,6435,2020-08-31
2020-05-29,5747,2020-08-31
2020-05-30,4617,2020-08-31
2020-05-31,2262,2020-08-31
2020-06-01,4247,2020-08-31
2020-06-02,3791,2020-08-31
2020-06-03,2621,2020-08-31
2020-06-04,4066,2020-08-31
2020-06-05,4967,2020-08-31
2020-06-06,4766,2020-08-31
2020-06-07,2640,2020-08-31
2020-06-08,4752,2020-08-31
2020-06-09,5317,2020-08-31
2020-06-10,5743,2020-08-31
2020-06-11,5074,2020-08-31
2020-06-12,4666,2020-08-31
2020-06-13,4501,2020-08-31
2020-06-14,2444,2020-08-31
2020-06-15,4367,2020-08-31
2020-06-16,3383,2020-08-31
2020-06-17,3918,2020-08-31
2020-06-18,3446,2020-08-31
2020-06-19,3465,2020-08-31
2020-06-20,3528,2020-08-31
2020-06-21,1447,2020-08-31
2020-06-22,4337,2020-08-31
2020-06-23,3779,2020-08-31
2020-06-24,4144,2020-08-31
2020-06-25,4160,2020-08-31
2020-06-26,4356,2020-08-31
2020-06-27,3529,2020-08-31
2020-06-28,1599,2020-08-31
2020-06-29,2741,2020-08-31
2020-06-30,3756,2020-08-31
2020-07-01,3663,2020-08-31
2020-07-02,3356,2020-08-31
2020-07-03,3933,2020-08-31
2020-07-04,3529,2020-08-31
2020-07-05,2304,2020-08-31
2020-07-06,3807,2020-08-31
2020-07-07,4058,2020-08-31
2020-07-08,2625,2020-08-31
2020-07-09,2512,2020-08-31
2020-07-10,4968,2020-08-31
2020-07-11,4262,2020-08-31
2020-07-12,2389,2020-08-31
2020-07-13,3153,2020-08-31
2020-07-14,4222,2020-08-31
2020-07-15,4474,2020-08-31
2020-07-16,4586,2020-08-31
2020-07-17,5187,2020-08-31
2020-07-18,5115,2020-08-31
2020-07-19,2244,2020-08-31
2020-07-20,3831,2020-08-31
2020-07-21,4892,2020-08-31
2020-07-22,6014,2020-08-31
2020-07-23,5604,2020-08-31
2020-07-24,6028,2020-08-31
2020-07-25,5705,2020-08-31
2020-07-26,2979,2020-08-31
2020-07-27,7136,2020-08-31
2020-07-28,3051,2020-08-31
2020-07-29,6760,2020-08-31
2020-07-30,7322,2020-08-31
2020-07-31,7750,2020-08-31
2020-08-01,6827,2020-08-31
2020-08-02,3257,2020-08-31
2020-08-03,7961,2020-08-31
2020-08-04,7902,2020-08-31
2020-08-05,7673,2020-08-31
2020-08-06,8756,2020-08-31
2020-08-07,7670,2020-08-31
2020-08-08,6939,2020-08-31
2020-08-09,3553,2020-08-31
2020-08-10,8226,2020-08-31
2020-08-11,9061,2020-08-31
2020-08-12,9326,2020-08-31
2020-08-13,9086,2020-08-31
2020-08-14,9868,2020-08-31
2020-08-15,8975,2020-08-31
2020-08-16,3576,2020-08-31
2020-08-17,9252,2020-08-31
2020-08-18,8806,2020-08-31
2020-08-19,9219,2020-08-31
2020-08-20,9703,2020-08-31
2020-08-21,8182,2020-08-31
2020-08-22,7045,2020-08-31
2020-08-23,1883,2020-08-31
2020-08-24,7688,2020-08-31
2020-08-25,10195,2020-08-31
2020-08-26,7145,2020-08-31
2020-08-27,6211,2020-08-31
2020-08-28,4086,2020-08-31
2020-03-06,1,2020-09-15
2020-03-07,5,2020-09-15
2020-03-08,2,2020-09-15
2020-03-09,3,2020-09-15
2020-03-10,1,2020-09-15
2020-03-11,8,2020-09-15
2020-03-12,8,2020-09-15
2020-03-13,10,2020-09-15
2020-03-14,19,2020-09-15
2020-03-15,28,2020-09-15
2020-03-16,20,2020-09-15
2020-03-17,27,2020-09-15
2020-03-18,56,2020-09-15
2020-03-19,62,2020-09-15
2020-03-20,56,2020-09-15
2020-03-21,30,2020-09-15
2020-03-22,39,2020-09-15
2020-03-23,33,2020-09-15
2020-03-24,64,2020-09-15
2020-03-25,100,2020-09-15
2020-03-26,52,2020-09-15
2020-03-27,34,2020-09-15
2020-03-28,136,2020-09-15
2020-03-29,142,2020-09-15
2020-03-30,130,2020-09-15
2020-03-31,250,2020-09-15
2020-04-01,117,2020-09-15
2020-04-02,222,2020-09-15
2020-04-03,292,2020-09-15
2020-04-04,833,2020-09-15
2020-04-05,444,2020-09-15
2020-04-06,647,2020-09-15
2020-04-07,1043,2020-09-15
2020-04-08,1083,2020-09-15
2020-04-09,817,2020-09-15
2020-04-10,1038,2020-09-15
2020-04-11,1404,2020-09-15
2020-04-12,738,2020-09-15
2020-04-13,1284,2020-09-15
2020-04-14,1041,2020-09-15
2020-04-15,1384,2020-09-15
2020-04-16,1329,2020-09-15
2020-04-17,1109,2020-09-15
2020-04-18,1407,2020-09-15
2020-04-19,1078,2020-09-15
2020-04-20,2039,2020-09-15
2020-04-21,2171,2020-09-15
2020-04-22,2105,2020-09-15
2020-04-23,2057,2020-09-15
2020-04-24,2239,2020-09-15
2020-04-25,2397,2020-09-15
2020-04-26,1422,2020-09-15
2020-04-27,3400,2020-09-15
2020-04-28,3367,2020-09-15
2020-04-29,4238,2020-09-15
2020-04-30,3372,2020-09-15
2020-05-01,2626,2020-09-15
2020-05-02,3371,2020-09-15
2020-05-03,1922,2020-09-15
2020-05-04,3991,2020-09-15
2020-05-05,3976,2020-09-15
2020-05-06,3634,2020-09-15
2020-05-07,3612,2020-09-15
2020-05-08,3299,2020-09-15
2020-05-09,2470,2020-09-15
2020-05-10,936,2020-09-15
2020-05-11,3601,2020-09-15
2020-05-12,4348,2020-09-15
2020-05-13,4442,2020-09-15
2020-05-14,3739,2020-09-15
2020-05-15,4306,2020-09-15
2020-05-16,4126,2020-09-15
2020-05-17,1785,2020-09-15
2020-05-18,5130,2020-09-15
2020-05-19,5199,2020-09-15
2020-05-20,5292,2020-09-15
2020-05-21,5522,2020-09-15
2020-05-22,6102,2020-09-15
2020-05-23,5404,2020-09-15
2020-05-24,1792,2020-09-15
2020-05-25,6972,2020-09-15
2020-05-26,6923,2020-09-15
2020-05-27,7374,2020-09-15
2020-05-28,6446,2020-09-15
2020-05-29,5752,2020-09-15
2020-05-30,4618,2020-09-15
2020-05-31,2262,2020-09-15
2020-06-01,4255,2020-09-15
2020-06-02,3807,2020-09-15
2020-06-03,2642,2020-09-15
2020-06-04,4084,2020-09-15
2020-06-05,4987,2020-09-15
2020-06-06,4776,2020-09-15
2020-06-07,2642,2020-09-15
2020-06-08,4768,2020-09-15
2020-06-09,5326,2020-09-15
2020-06-10,5746,2020-09-15
2020-06-11,5094,2020-09-15
2020-06-12,4672,2020-09-15
2020-06-13,4504,2020-09-15
2020-06-14,2448,2020-09-15
2020-06-15,4378,2020-09-15
2020-06-16,3407,2020-09-15
2020-06-17,3928,2020-09-15
2020-06-18,3453,2020-09-15
2020-06-19,3497,2020-09-15
2020-06-20,3538,2020-09-15
2020-06-21,1447,2020-09-15
2020-06-22,4360,2020-09-15
2020-06-23,3812,2020-09-15
2020-06-24,4173,2020-09-15
2020-06-25,4199,2020-09-15
2020-06-26,4397,2020-09-15
2020-06-27,3555,2020-09-15
2020-06-28,1615,2020-09-15
2020-06-29,2752,2020-09-15
2020-06-30,3797,2020-09-15
2020-07-01,3695,2020-09-15
2020-07-02,3383,2020-09-15
2020-07-03,3957,2020-09-15
2020-07-04,3536,2020-09-15
2020-07-05,2311,2020-09-15
2020-07-06,3828,2020-09-15
2020-07-07,4106,2020-09-15
2020-07-08,2648,2020-09-15
2020-07-09,2536,2020-09-15
2020-07-10,4993,2020-09-15
2020-07-11,4276,2020-09-15
2020-07-12,2396,2020-09-15
2020-07-13,3182,2020-09-15
2020-07-14,4247,2020-09-15
2020-07-15,4506,2020-09-15
2020-07-16,4618,2020-09-15
2020-07-17,5248,2020-09-15
2020-07-18,5224,2020-09-15
2020-07-19,2266,2020-09-15
2020-07-20,3876,2020-09-15
2020-07-21,4951,2020-09-15
2020-07-22,6089,2020-09-15
2020-07-23,5684,2020-09-15
2020-07-24,6092,2020-09-15
2020-07-25,5779,2020-09-15
2020-07-26,2988,2020-09-15
2020-07-27,7206,2020-09-15
2020-07-28,3106,2020-09-15
2020-07-29,6785,2020-09-15
2020-07-30,7408,2020-09-15
2020-07-31,7850,2020-09-15
2020-08-01,6910,2020-09-15
2020-08-02,3272,2020-09-15
2020-08-03,8069,2020-09-15
2020-08-04,8014,2020-09-15
2020-08-05,7791,2020-09-15
2020-08-06,8927,2020-09-15
2020-08-07,7759,2020-09-15
2020-08-08,7068,2020-09-15
2020-08-09,3622,2020-09-15
2020-08-10,8427,2020-09-15
2020-08-11,9192,2020-09-15
2020-08-12,9559,2020-09-15
2020-08-13,9422,2020-09-15
2020-08-14,10105,2020-09-15
2020-08-15,9131,2020-09-15
2020-08-16,3781,2020-09-15
2020-08-17,9447,2020-09-15
2020-08-18,9062,2020-09-15
2020-08-19,9558,2020-09-15
2020-08-20,10196,2020-09-15
2020-08-21,8673,2020-09-15
2020-08-22,7421,2020-09-15
2020-08-23,1960,2020-09-15
2020-08-24,8358,2020-09-15
2020-08-25,10885,2020-09-15
2020-08-26,8213,2020-09-15
2020-08-27,7423,2020-09-15
2020-08-28,8667,2020-09-15
2020-08-29,5945,2020-09-15
2020-08-30,2265,2020-09-15
2020-08-31,6129,2020-09-15
2020-09-01,6025,2020-09-15
2020-09-02,6047,2020-09-15
2020-09-03,3303,2020-09-15
2020-09-04,9369,2020-09-15
2020-09-05,3421,2020-09-15
2020-09-06,1765,2020-09-15
2020-09-07,5811,2020-09-15
2020-09-08,6076,2020-09-15
2020-09-09,5723,2020-09-15
2020-09-10,2794,2020-09-15
2020-09-11,9501,2020-09-15
2020-09-12,4456,2020-09-15
2020-09-13,1084,2020-09-15
2020-03-06,1,2020-09-30
2020-03-07,5,2020-09-30
2020-03-08,2,2020-09-30
2020-03-09,3,2020-09-30
2020-03-10,1,2020-09-30
2020-03-11,8,2020-09-30
2020-03-12,8,2020-09-30
2020-03-13,10,2020-09-30
2020-03-14,19,2020-09-30
2020-03-15,28,2020-09-30
2020-03-16,20,2020-09-30
2020-03-17,27,2020-09-30
2020-03-18,56,2020-09-30
2020-03-19,62,2020-09-30
2020-03-20,56,2020-09-30
2020-03-21,30,2020-09-30
2020-03-22,39,2020-09-30
2020-03-23,33,2020-09-30
2020-03-24,64,2020-09-30
2020-03-25,100,2020-09-30
2020-03-26,52,2020-09-30
2020-03-27,34,2020-09-30
2020-03-28,136,2020-09-30
2020-03-29,142,2020-09-30
2020-03-30,130,2020-09-30
2020-03-31,250,2020-09-30
2020-04-01,117,2020-09-30
2020-04-02,222,2020-09-30
2020-04-03,293,2020-09-30
2020-04-04,835,2020-09-30
2020-04-05,444,2020-09-30
2020-04-06,650,2020-09-30
2020-04-07,1043,2020-09-30
2020-04-08,1084,2020-09-30
2020-04-09,817,2020-09-30
2020-04-10,1038,2020-09-30
2020-04-11,1404,2020-09-30
2020-04-12,738,2020-09-30
2020-04-13,1284,2020-09-30
2020-04-14,1041,2020-09-30
2020-04-15,1384,2020-09-30
2020-04-16,1329,2020-09-30
2020-04-17,1110,2020-09-30
2020-04-18,1413,2020-09-30
2020-04-19,1078,2020-09-30
2020-04-20,2039,2020-09-30
2020-04-21,2172,2020-09-30
2020-04-22,2106,2020-09-30
2020-04-23,2057,2020-09-30
2020-04-24,2239,2020-09-30
2020-04-25,2397,2020-09-30
2020-04-26,1422,2020-09-30
2020-04-27,3400,2020-09-30
2020-04-28,3369,2020-09-30
2020-04-29,4239,2020-09-30
2020-04-30,3373,2020-09-30
2020-05-01,2629,2020-09-30
2020-05-02,3377,2020-09-30
2020-05-03,1922,2020-09-30
2020-05-04,3991,2020-09-30
2020-05-05,3976,2020-09-30
2020-05-06,3635,2020-09-30
2020-05-07,3612,2020-09-30
2020-05-08,3300,2020-09-30
2020-05-09,2470,2020-09-30
2020-05-10,936,2020-09-30
2020-05-11,3601,2020-09-30
2020-05-12,4349,2020-09-30
2020-05-13,4442,2020-09-30
2020-05-14,3739,2020-09-30
2020-05-15,4309,2020-09-30
2020-05-16,4129,2020-09-30
2020-05-17,1785,2020-09-30
2020-05-18,5130,2020-09-30
2020-05-19,5201,2020-09-30
2020-05-20,5295,2020-09-30
2020-05-21,5525,2020-09-30
2020-05-22,6103,2020-09-30
2020-05-23,5406,2020-09-30
2020-05-24,1794,2020-09-30
2020-05-25,6975,2020-09-30
2020-05-26,7003,2020-09-30
2020-05-27,7374,2020-09-30
2020-05-28,6447,2020-09-30
2020-05-29,5752,2020-09-30
2020-05-30,4621,2020-09-30
2020-05-31,2262,2020-09-30
2020-06-01,4275,2020-09-30
2020-06-02,3812,2020-09-30
2020-06-03,2647,2020-09-30
2020-06-04,4092,2020-09-30
2020-06-05,4992,2020-09-30
2020-06-06,4777,2020-09-30
2020-06-07,2643,2020-09-30
2020-06-08,4773,2020-09-30
2020-06-09,5330,2020-09-30
2020-06-10,5749,2020-09-30
2020-06-11,5099,2020-09-30
2020-06-12,4703,2020-09-30
2020-06-13,4508,2020-09-30
2020-06-14,2448,2020-09-30
2020-06-15,4388,2020-09-30
2020-06-16,3416,2020-09-30
2020-06-17,3933,2020-09-30
2020-06-18,3460,2020-09-30
2020-06-19,3521,2020-09-30
2020-06-20,3546,2020-09-30
2020-06-21,1447,2020-09-30
2020-06-22,4376,2020-09-30
2020-06-23,3824,2020-09-30
2020-06-24,4195,2020-09-30
2020-06-25,4233,2020-09-30
2020-06-26,4445,2020-09-30
2020-06-27,3603,2020-09-30
2020-06-28,1616,2020-09-30
2020-06-29,2757,2020-09-30
2020-06-30,3903,2020-09-30
2020-07-01,3756,2020-09-30
2020-07-02,3460,2020-09-30
2020-07-03,4026,2020-09-30
2020-07-04,3546,2020-09-30
2020-07-05,2319,2020-09-30
2020-07-06,3847,2020-09-30
2020-07-07,4145,2020-09-30
2020-07-08,2679,2020-09-30
2020-07-09,2556,2020-09-30
2020-07-10,5030,2020-09-30
2020-07-11,4290,2020-09-30
2020-07-12,2405,2020-09-30
2020-07-13,3199,2020-09-30
2020-07-14,4274,2020-09-30
2020-07-15,4553,2020-09-30
2020-07-16,4651,2020-09-30
2020-07-17,5301,2020-09-30
2020-07-18,5239,2020-09-30
2020-07-19,2339,2020-09-30
2020-07-20,3941,2020-09-30
2020-07-21,4981,2020-09-30
2020-07-22,6132,2020-09-30
2020-07-23,5765,2020-09-30
2020-07-24,6133,2020-09-30
2020-07-25,5814,2020-09-30
2020-07-26,2989,2020-09-30
2020-07-27,7263,2020-09-30
2020-07-28,3123,2020-09-30
2020-07-29,6821,2020-09-30
2020-07-30,7483,2020-09-30
2020-07-31,7914,2020-09-30
2020-08-01,6937,2020-09-30
2020-08-02,3284,2020-09-30
2020-08-03,8119,2020-09-30
2020-08-04,8058,2020-09-30
2020-08-05,7834,2020-09-30
2020-08-06,8988,2020-09-30
2020-08-07,7811,2020-09-30
2020-08-08,7126,2020-09-30
2020-08-09,3655,2020-09-30
2020-08-10,8518,2020-09-30
2020-08-11,9279,2020-09-30
2020-08-12,9633,2020-09-30
2020-08-13,9501,2020-09-30
2020-08-14,10216,2020-09-30
2020-08-15,9287,2020-09-30
2020-08-16,3798,2020-09-30
2020-08-17,9553,2020-09-30
2020-08-18,9196,2020-09-30
2020-08-19,9642,2020-09-30
2020-08-20,10283,2020-09-30
2020-08-21,8812,2020-09-30
2020-08-22,7544,2020-09-30
2020-08-23,1982,2020-09-30
2020-08-24,8492,2020-09-30
2020-08-25,11006,2020-09-30
2020-08-26,8400,2020-09-30
2020-08-27,7686,2020-09-30
2020-08-28,8865,2020-09-30
2020-08-29,6335,2020-09-30
2020-08-30,2288,2020-09-30
2020-08-31,6271,2020-09-30
2020-09-01,6209,2020-09-30
2020-09-02,6293,2020-09-30
2020-09-03,3571,2020-09-30
2020-09-04,9758,2020-09-30
2020-09-05,3747,2020-09-30
2020-09-06,1812,2020-09-30
2020-09-07,6146,2020-09-30
2020-09-08,6528,2020-09-30
2020-09-09,6198,2020-09-30
2020-09-10,3521,2020-09-30
2020-09-11,10341,2020-09-30
2020-09-12,5445,2020-09-30
2020-09-13,1950,2020-09-30
2020-09-14,5754,2020-09-30
2020-09-15,5313,2020-09-30
2020-09-16,5276,2020-09-30
2020-09-17,6182,2020-09-30
2020-09-18,5715,2020-09-30
2020-09-19,4816,2020-09-30
2020-09-20,1600,2020-09-30
2020-09-21,4878,2020-09-30
2020-09-22,5763,2020-09-30
2020-09-23,5605,2020-09-30
2020-09-24,4893,2020-09-30
2020-09-25,4550,2020-09-30
2020-09-26,3547,2020-09-30
2020-09-27,1605,2020-09-30
2020-09-28,1325,2020-09-30
2020-03-06,1,2020-10-19
2020-03-07,5,2020-10-19
2020-03-08,2,2020-10-19
2020-03-09,3,2020-10-19
2020-03-10,1,2020-10-19
2020-03-11,8,2020-10-19
2020-03-12,8,2020-10-19
2020-03-13,10,2020-10-19
2020-03-14,19,2020-10-19
2020-03-15,28,2020-10-19
2020-03-16,20,2020-10-19
2020-03-17,27,2020-10-19
2020-03-18,56,2020-10-19
2020-03-19,62,2020-10-19
2020-03-20,56,2020-10-19
2020-03-21,30,2020-10-19
2020-03-22,39,2020-10-19
2020-03-23,33,2020-10-19
2020-03-24,64,2020-10-19
2020-03-25,100,2020-10-19
2020-03-26,52,2020-10-19
2020-03-27,34,2020-10-19
2020-03-28,136,2020-10-19
2020-03-29,143,2020-10-19
2020-03-30,130,2020-10-19
2020-03-31,250,2020-10-19
2020-04-01,117,2020-10-19
2020-04-02,222,2020-10-19
2020-04-03,293,2020-10-19
2020-04-04,836,2020-10-19
2020-04-05,444,2020-10-19
2020-04-06,650,2020-10-19
2020-04-07,1043,2020-10-19
2020-04-08,1085,2020-10-19
2020-04-09,819,2020-10-19
2020-04-10,1040,2020-10-19
2020-04-11,1404,2020-10-19
2020-04-12,738,2020-10-19
2020-04-13,1284,2020-10-19
2020-04-14,1042,2020-10-19
2020-04-15,1387,2020-10-19
2020-04-16,1329,2020-10-19
2020-04-17,1110,2020-10-19
2020-04-18,1414,2020-10-19
2020-04-19,1078,2020-10-19
2020-04-20,2039,2020-10-19
2020-04-21,2172,2020-10-19
2020-04-22,2106,2020-10-19
2020-04-23,2057,2020-10-19
2020-04-24,2239,2020-10-19
2020-04-25,2397,2020-10-19
2020-04-26,1422,2020-10-19
2020-04-27,3401,2020-10-19
2020-04-28,3369,2020-10-19
2020-04-29,4241,2020-10-19
2020-04-30,3373,2020-10-19
2020-05-01,2629,2020-10-19
2020-05-02,3377,2020-10-19
2020-05-03,1922,2020-10-19
2020-05-04,3991,2020-10-19
2020-05-05,3976,2020-10-19
2020-05-06,3636,2020-10-19
2020-05-07,3613,2020-10-19
2020-05-08,3300,2020-10-19
2020-05-09,2471,2020-10-19
2020-05-10,936,2020-10-19
2020-05-11,3601,2020-10-19
2020-05-12,4351,2020-10-19
2020-05-13,4447,2020-10-19
2020-05-14,3739,2020-10-19
2020-05-15,4312,2020-10-19
2020-05-16,4131,2020-10-19
2020-05-17,1785,2020-10-19
2020-05-18,5130,2020-10-19
2020-05-19,5201,2020-10-19
2020-05-20,5297,2020-10-19
2020-05-21,5525,2020-10-19
2020-05-22,6104,2020-10-19
2020-05-23,5407,2020-10-19
2020-05-24,1794,2020-10-19
2020-05-25,6976,2020-10-19
2020-05-26,7005,2020-10-19
2020-05-27,7374,2020-10-19
2020-05-28,6450,2020-10-19
2020-05-29,5755,2020-10-19
2020-05-30,4624,2020-10-19
2020-05-31,2263,2020-10-19
2020-06-01,4278,2020-10-19
2020-06-02,3819,2020-10-19
2020-06-03,2657,2020-10-19
2020-06-04,4101,2020-10-19
2020-06-05,5000,2020-10-19
2020-06-06,4785,2020-10-19
2020-06-07,2647,2020-10-19
2020-06-08,4776,2020-10-19
2020-06-09,5339,2020-10-19
2020-06-10,5758,2020-10-19
2020-06-11,5106,2020-10-19
2020-06-12,4713,2020-10-19
2020-06-13,4509,2020-10-19
2020-06-14,2448,2020-10-19
2020-06-15,4402,2020-10-19
2020-06-16,3436,2020-10-19
2020-06-17,3968,2020-10-19
2020-06-18,3475,2020-10-19
2020-06-19,3561,2020-10-19
2020-06-20,3569,2020-10-19
2020-06-21,1450,2020-10-19
2020-06-22,4388,2020-10-19
2020-06-23,3833,2020-10-19
2020-06-24,4207,2020-10-19
2020-06-25,4248,2020-10-19
2020-06-26,4465,2020-10-19
2020-06-27,3607,2020-10-19
2020-06-28,1618,2020-10-19
2020-06-29,2782,2020-10-19
2020-06-30,3913,2020-10-19
2020-07-01,3774,2020-10-19
2020-07-02,3495,2020-10-19
2020-07-03,4037,2020-10-19
2020-07-04,3582,2020-10-19
2020-07-05,2322,2020-10-19
2020-07-06,3876,2020-10-19
2020-07-07,4164,2020-10-19
2020-07-08,2710,2020-10-19
2020-07-09,2577,2020-10-19
2020-07-10,5060,2020-10-19
2020-07-11,4318,2020-10-19
2020-07-12,2410,2020-10-19
2020-07-13,3243,2020-10-19
2020-07-14,4303,2020-10-19
2020-07-15,4582,2020-10-19
2020-07-16,4675,2020-10-19
2020-07-17,5329,2020-10-19
2020-07-18,5244,2020-10-19
2020-07-19,2347,2020-10-19
2020-07-20,4109,2020-10-19
2020-07-21,5036,2020-10-19
2020-07-22,6195,2020-10-19
2020-07-23,5771,2020-10-19
2020-07-24,6144,2020-10-19
2020-07-25,5824,2020-10-19
2020-07-26,2997,2020-10-19
2020-07-27,7303,2020-10-19
2020-07-28,3127,2020-10-19
2020-07-29,6868,2020-10-19
2020-07-30,7522,2020-10-19
2020-07-31,7959,2020-10-19
2020-08-01,6958,2020-10-19
2020-08-02,3296,2020-10-19
2020-08-03,8171,2020-10-19
2020-08-04,8089,2020-10-19
2020-08-05,7865,2020-10-19
2020-08-06,9044,2020-10-19
2020-08-07,7880,2020-10-19
2020-08-08,7151,2020-10-19
2020-08-09,3663,2020-10-19
2020-08-10,8557,2020-10-19
2020-08-11,9318,2020-10-19
2020-08-12,9699,2020-10-19
2020-08-13,9580,2020-10-19
2020-08-14,10368,2020-10-19
2020-08-15,9373,2020-10-19
2020-08-16,3819,2020-10-19
2020-08-17,9631,2020-10-19
2020-08-18,9277,2020-10-19
2020-08-19,9676,2020-10-19
2020-08-20,10346,2020-10-19
2020-08-21,8862,2020-10-19
2020-08-22,7599,2020-10-19
2020-08-23,2008,2020-10-19
2020-08-24,8554,2020-10-19
2020-08-25,11057,2020-10-19
2020-08-26,8461,2020-10-19
2020-08-27,7898,2020-10-19
2020-08-28,9032,2020-10-19
2020-08-29,6391,2020-10-19
2020-08-30,2332,2020-10-19
2020-08-31,6374,2020-10-19
2020-09-01,6304,2020-10-19
2020-09-02,6397,2020-10-19
2020-09-03,3689,2020-10-19
2020-09-04,9929,2020-10-19
2020-09-05,3845,2020-10-19
2020-09-06,1856,2020-10-19
2020-09-07,6257,2020-10-19
2020-09-08,6661,2020-10-19
2020-09-09,6319,2020-10-19
2020-09-10,3752,2020-10-19
2020-09-11,10628,2020-10-19
2020-09-12,5626,2020-10-19
2020-09-13,2006,2020-10-19
2020-09-14,5945,2020-10-19
2020-09-15,5514,2020-10-19
2020-09-16,5521,2020-10-19
2020-09-17,6467,2020-10-19
2020-09-18,6316,2020-10-19
2020-09-19,5328,2020-10-19
2020-09-20,1718,2020-10-19
2020-09-21,5118,2020-10-19
2020-09-22,6073,2020-10-19
2020-09-23,5897,2020-10-19
2020-09-24,5743,2020-10-19
2020-09-25,5588,2020-10-19
2020-09-26,4559,2020-10-19
2020-09-27,1828,2020-10-19
2020-09-28,2312,2020-10-19
2020-09-29,2633,2020-10-19
2020-09-30,2928,2020-10-19
2020-10-01,2564,2020-10-19
2020-10-02,2990,2020-10-19
2020-10-03,2317,2020-10-19
2020-10-04,1093,2020-10-19
2020-10-05,2343,2020-10-19
2020-10-06,2568,2020-10-19
2020-10-07,2732,2020-10-19
2020-10-08,2959,2020-10-19
2020-10-09,3240,2020-10-19
2020-10-10,2096,2020-10-19
2020-10-11,1169,2020-10-19
2020-10-12,2256,2020-10-19
2020-10-13,2616,2020-10-19
2020-10-14,2116,2020-10-19
2020-10-15,1913,2020-10-19
2020-10-16,1140,2020-10-19
2020-03-06,1,2020-10-29
2020-03-07,5,2020-10-29
2020-03-08,2,2020-10-29
2020-03-09,3,2020-10-29
2020-03-10,1,2020-10-29
2020-03-11,8,2020-10-29
2020-03-12,8,2020-10-29
2020-03-13,10,2020-10-29
2020-03-14,19,2020-10-29
2020-03-15,28,2020-10-29
2020-03-16,20,2020-10-29
2020-03-17,27,2020-10-29
2020-03-18,56,2020-10-29
2020-03-19,62,2020-10-29
2020-03-20,56,2020-10-29
2020-03-21,30,2020-10-29
2020-03-22,39,2020-10-29
2020-03-23,33,2020-10-29
2020-03-24,64,2020-10-29
2020-03-25,100,2020-10-29
2020-03-26,52,2020-10-29
2020-03-27,34,2020-10-29
2020-03-28,136,2020-10-29
2020-03-29,143,2020-10-29
2020-03-30,130,2020-10-29
2020-03-31,250,2020-10-29
2020-04-01,117,2020-10-29
2020-04-02,222,2020-10-29
2020-04-03,293,2020-10-29
2020-04-04,836,2020-10-29
2020-04-05,444,2020-10-29
2020-04-06,650,2020-10-29
2020-04-07,1043,2020-10-29
2020-04-08,1085,2020-10-29
2020-04-09,819,2020-10-29
2020-04-10,1040,2020-10-29
2020-04-11,1406,2020-10-29
2020-04-12,738,2020-10-29
2020-04-13,1285,2020-10-29
2020-04-14,1043,2020-10-29
2020-04-15,1387,2020-10-29
2020-04-16,1329,2020-10-29
2020-04-17,1110,2020-10-29
2020-04-18,1416,2020-10-29
2020-04-19,1078,2020-10-29
2020-04-20,2039,2020-10-29
2020-04-21,2173,2020-10-29
2020-04-22,2106,2020-10-29
2020-04-23,2057,2020-10-29
2020-04-24,2240,2020-10-29
2020-04-25,2398,2020-10-29
2020-04-26,1422,2020-10-29
2020-04-27,3401,2020-10-29
2020-04-28,3370,2020-10-29
2020-04-29,4241,2020-10-29
2020-04-30,3373,2020-10-29
2020-05-01,2629,2020-10-29
2020-05-02,3377,2020-10-29
2020-05-03,1922,2020-10-29
2020-05-04,3993,2020-10-29
2020-05-05,3978,2020-10-29
2020-05-06,3638,2020-10-29
2020-05-07,3613,2020-10-29
2020-05-08,3300,2020-10-29
2020-05-09,2472,2020-10-29
2020-05-10,936,2020-10-29
2020-05-11,3601,2020-10-29
2020-05-12,4351,2020-10-29
2020-05-13,4447,2020-10-29
2020-05-14,3739,2020-10-29
2020-05-15,4312,2020-10-29
2020-05-16,4131,2020-10-29
2020-05-17,1785,2020-10-29
2020-05-18,5130,2020-10-29
2020-05-19,5202,2020-10-29
2020-05-20,5298,2020-10-29
2020-05-21,5525,2020-10-29
2020-05-22,6105,2020-10-29
2020-05-23,5409,2020-10-29
2020-05-24,1794,2020-10-29
2020-05-25,6976,2020-10-29
2020-05-26,7005,2020-10-29
2020-05-27,7374,2020-10-29
2020-05-28,6452,2020-10-29
2020-05-29,5756,2020-10-29
2020-05-30,4626,2020-10-29
2020-05-31,2263,2020-10-29
2020-06-01,4282,2020-10-29
2020-06-02,3820,2020-10-29
2020-06-03,2658,2020-10-29
2020-06-04,4108,2020-10-29
2020-06-05,5014,2020-10-29
2020-06-06,4791,2020-10-29
2020-06-07,2648,2020-10-29
2020-06-08,4777,2020-10-29
2020-06-09,5343,2020-10-29
2020-06-10,5763,2020-10-29
2020-06-11,5111,2020-10-29
2020-06-12,4715,2020-10-29
2020-06-13,4512,2020-10-29
2020-06-14,2450,2020-10-29
2020-06-15,4403,2020-10-29
2020-06-16,3439,2020-10-29
2020-06-17,3991,2020-10-29
2020-06-18,3477,2020-10-29
2020-06-19,3571,2020-10-29
2020-06-20,3575,2020-10-29
2020-06-21,1450,2020-10-29
2020-06-22,4390,2020-10-29
2020-06-23,3835,2020-10-29
2020-06-24,4219,2020-10-29
2020-06-25,4267,2020-10-29
2020-06-26,4489,2020-10-29
2020-06-27,3616,2020-10-29
2020-06-28,1619,2020-10-29
2020-06-29,2782,2020-10-29
2020-06-30,3916,2020-10-29
2020-07-01,3783,2020-10-29
2020-07-02,3527,2020-10-29
2020-07-03,4048,2020-10-29
2020-07-04,3583,2020-10-29
2020-07-05,2330,2020-10-29
2020-07-06,3881,2020-10-29
2020-07-07,4207,2020-10-29
2020-07-08,2728,2020-10-29
2020-07-09,2591,2020-10-29
2020-07-10,5089,2020-10-29
2020-07-11,4337,2020-10-29
2020-07-12,2422,2020-10-29
2020-07-13,3263,2020-10-29
2020-07-14,4336,2020-10-29
2020-07-15,4588,2020-10-29
2020-07-16,4681,2020-10-29
2020-07-17,5340,2020-10-29
2020-07-18,5256,2020-10-29
2020-07-19,2348,2020-10-29
2020-07-20,4133,2020-10-29
2020-07-21,5075,2020-10-29
2020-07-22,6219,2020-10-29
2020-07-23,5792,2020-10-29
2020-07-24,6158,2020-10-29
2020-07-25,5829,2020-10-29
2020-07-26,3001,2020-10-29
2020-07-27,7309,2020-10-29
2020-07-28,3130,2020-10-29
2020-07-29,6872,2020-10-29
2020-07-30,7531,2020-10-29
2020-07-31,7977,2020-10-29
2020-08-01,6976,2020-10-29
2020-08-02,3298,2020-10-29
2020-08-03,8179,2020-10-29
2020-08-04,8094,2020-10-29
2020-08-05,7870,2020-10-29
2020-08-06,9054,2020-10-29
2020-08-07,7903,2020-10-29
2020-08-08,7156,2020-10-29
2020-08-09,3663,2020-10-29
2020-08-10,8561,2020-10-29
2020-08-11,9331,2020-10-29
2020-08-12,9712,2020-10-29
2020-08-13,9592,2020-10-29
2020-08-14,10383,2020-10-29
2020-08-15,9422,2020-10-29
2020-08-16,3834,2020-10-29
2020-08-17,9657,2020-10-29
2020-08-18,9298,2020-10-29
2020-08-19,9734,2020-10-29
2020-08-20,10365,2020-10-29
2020-08-21,8901,2020-10-29
2020-08-22,7609,2020-10-29
2020-08-23,2012,2020-10-29
2020-08-24,8571,2020-10-29
2020-08-25,11099,2020-10-29
2020-08-26,8470,2020-10-29
2020-08-27,7956,2020-10-29
2020-08-28,9079,2020-10-29
2020-08-29,6413,2020-10-29
2020-08-30,2335,2020-10-29
2020-08-31,6421,2020-10-29
2020-09-01,6339,2020-10-29
2020-09-02,6429,2020-10-29
2020-09-03,3730,2020-10-29
2020-09-04,9978,2020-10-29
2020-09-05,3987,2020-10-29
2020-09-06,1864,2020-10-29
2020-09-07,6290,2020-10-29
2020-09-08,6712,2020-10-29
2020-09-09,6353,2020-10-29
2020-09-10,3814,2020-10-29
2020-09-11,10681,2020-10-29
2020-09-12,5700,2020-10-29
2020-09-13,2010,2020-10-29
2020-09-14,5994,2020-10-29
2020-09-15,5537,2020-10-29
2020-09-16,5591,2020-10-29
2020-09-17,6510,2020-10-29
2020-09-18,6331,2020-10-29
2020-09-19,5362,2020-10-29
2020-09-20,1723,2020-10-29
2020-09-21,5137,2020-10-29
2020-09-22,6169,2020-10-29
2020-09-23,5943,2020-10-29
2020-09-24,5814,2020-10-29
2020-09-25,5644,2020-10-29
2020-09-26,4828,2020-10-29
2020-09-27,1842,2020-10-29
2020-09-28,2335,2020-10-29
2020-09-29,2685,2020-10-29
2020-09-30,2980,2020-10-29
2020-10-01,2666,2020-10-29
2020-10-02,3099,2020-10-29
2020-10-03,2413,2020-10-29
2020-10-04,1162,2020-10-29
2020-10-05,2480,2020-10-29
2020-10-06,2660,2020-10-29
2020-10-07,2935,2020-10-29
2020-10-08,3136,2020-10-29
2020-10-09,3465,2020-10-29
2020-10-10,2311,2020-10-29
2020-10-11,1283,2020-10-29
2020-10-12,2602,2020-10-29
2020-10-13,3037,2020-10-29
2020-10-14,2624,2020-10-29
2020-10-15,2639,2020-10-29
2020-10-16,3404,2020-10-29
2020-10-17,2137,2020-10-29
2020-10-18,1150,2020-10-29
2020-10-19,2482,2020-10-29
2020-10-20,2685,2020-10-29
2020-10-21,2635,2020-10-29
2020-10-22,2311,2020-10-29
2020-10-23,2334,2020-10-29
2020-10-24,1666,2020-10-29
2020-10-25,787,2020-10-29
2020-10-26,1687,2020-10-29
2020-10-27,866,2020-10-29
2020-03-06,1,2020-11-09
2020-03-07,5,2020-11-09
2020-03-08,2,2020-11-09
2020-03-09,3,2020-11-09
2020-03-10,1,2020-11-09
2020-03-11,8,2020-11-09
2020-03-12,8,2020-11-09
2020-03-13,10,2020-11-09
2020-03-14,19,2020-11-09
2020-03-15,28,2020-11-09
2020-03-16,20,2020-11-09
2020-03-17,27,2020-11-09
2020-03-18,56,2020-11-09
2020-03-19,62,2020-11-09
2020-03-20,56,2020-11-09
2020-03-21,30,2020-11-09
2020-03-22,39,2020-11-09
2020-03-23,33,2020-11-09
2020-03-24,64,2020-11-09
2020-03-25,100,2020-11-09
2020-03-26,52,2020-11-09
2020-03-27,34,2020-11-09
2020-03-28,136,2020-11-09
2020-03-29,143,2020-11-09
2020-03-30,130,2020-11-09
2020-03-31,250,2020-11-09
2020-04-01,117,2020-11-09
2020-04-02,222,2020-11-09
2020-04-03,293,2020-11-09
2020-04-04,836,2020-11-09
2020-04-05,444,2020-11-09
2020-04-06,650,2020-11-09
2020-04-07,1043,2020-11-09
2020-04-08,1085,2020-11-09
2020-04-09,819,2020-11-09
2020-04-10,1040,2020-11-09
2020-04-11,1408,2020-11-09
2020-04-12,745,2020-11-09
2020-04-13,1295,2020-11-09
2020-04-14,1056,2020-11-09
2020-04-15,1401,2020-11-09
2020-04-16,1341,2020-11-09
2020-04-17,1129,2020-11-09
2020-04-18,1426,2020-11-09
2020-04-19,1078,2020-11-09
2020-04-20,2039,2020-11-09
2020-04-21,2174,2020-11-09
2020-04-22,2106,2020-11-09
2020-04-23,2057,2020-11-09
2020-04-24,2240,2020-11-09
2020-04-25,2399,2020-11-09
2020-04-26,1422,2020-11-09
2020-04-27,3401,2020-11-09
2020-04-28,3371,2020-11-09
2020-04-29,4241,2020-11-09
2020-04-30,3373,2020-11-09
2020-05-01,2629,2020-11-09
2020-05-02,3377,2020-11-09
2020-05-03,1922,2020-11-09
2020-05-04,3994,2020-11-09
2020-05-05,3978,2020-11-09
2020-05-06,3639,2020-11-09
2020-05-07,3613,2020-11-09
2020-05-08,3301,2020-11-09
2020-05-09,2472,2020-11-09
2020-05-10,936,2020-11-09
2020-05-11,3601,2020-11-09
2020-05-12,4351,2020-11-09
2020-05-13,4448,2020-11-09
2020-05-14,3739,2020-11-09
2020-05-15,4313,2020-11-09
2020-05-16,4131,2020-11-09
2020-05-17,1785,2020-11-09
2020-05-18,5131,2020-11-09
2020-05-19,5203,2020-11-09
2020-05-20,5299,2020-11-09
2020-05-21,5525,2020-11-09
2020-05-22,6106,2020-11-09
2020-05-23,5411,2020-11-09
2020-05-24,1794,2020-11-09
2020-05-25,6977,2020-11-09
2020-05-26,7005,2020-11-09
2020-05-27,7375,2020-11-09
2020-05-28,6457,2020-11-09
2020-05-29,5757,2020-11-09
2020-05-30,4627,2020-11-09
2020-05-31,2266,2020-11-09
2020-06-01,4282,2020-11-09
2020-06-02,3823,2020-11-09
2020-06-03,2660,2020-11-09
2020-06-04,4113,2020-11-09
2020-06-05,5034,2020-11-09
2020-06-06,4796,2020-11-09
2020-06-07,2648,2020-11-09
2020-06-08,4777,2020-11-09
2020-06-09,5353,2020-11-09
2020-06-10,5764,2020-11-09
2020-06-11,6849,2020-11-09
2020-06-12,4716,2020-11-09
2020-06-13,4514,2020-11-09
2020-06-14,2456,2020-11-09
2020-06-15,4405,2020-11-09
2020-06-16,3450,2020-11-09
2020-06-17,4002,2020-11-09
2020-06-18,3496,2020-11-09
2020-06-19,3585,2020-11-09
2020-06-20,3580,2020-11-09
2020-06-21,1451,2020-11-09
2020-06-22,4411,2020-11-09
2020-06-23,3848,2020-11-09
2020-06-24,4229,2020-11-09
2020-06-25,4279,2020-11-09
2020-06-26,4496,2020-11-09
2020-06-27,3623,2020-11-09
2020-06-28,1620,2020-11-09
2020-06-29,2782,2020-11-09
2020-06-30,3917,2020-11-09
2020-07-01,3787,2020-11-09
2020-07-02,3532,2020-11-09
2020-07-03,4065,2020-11-09
2020-07-04,3602,2020-11-09
2020-07-05,2348,2020-11-09
2020-07-06,3902,2020-11-09
2020-07-07,4229,2020-11-09
2020-07-08,2745,2020-11-09
2020-07-09,2607,2020-11-09
2020-07-10,5095,2020-11-09
2020-07-11,4347,2020-11-09
2020-07-12,2424,2020-11-09
2020-07-13,3289,2020-11-09
2020-07-14,4351,2020-11-09
2020-07-15,4604,2020-11-09
2020-07-16,4691,2020-11-09
2020-07-17,5356,2020-11-09
2020-07-18,5275,2020-11-09
2020-07-19,2351,2020-11-09
2020-07-20,4140,2020-11-09
2020-07-21,5145,2020-11-09
2020-07-22,6265,2020-11-09
2020-07-23,5796,2020-11-09
2020-07-24,6166,2020-11-09
2020-07-25,5833,2020-11-09
2020-07-26,3002,2020-11-09
2020-07-27,7316,2020-11-09
2020-07-28,3131,2020-11-09
2020-07-29,6873,2020-11-09
2020-07-30,7548,2020-11-09
2020-07-31,7990,2020-11-09
2020-08-01,7007,2020-11-09
2020-08-02,3313,2020-11-09
2020-08-03,8201,2020-11-09
2020-08-04,8106,2020-11-09
2020-08-05,7872,2020-11-09
2020-08-06,9059,2020-11-09
2020-08-07,7920,2020-11-09
2020-08-08,7159,2020-11-09
2020-08-09,3693,2020-11-09
2020-08-10,8572,2020-11-09
2020-08-11,9340,2020-11-09
2020-08-12,9720,2020-11-09
2020-08-13,9605,2020-11-09
2020-08-14,10397,2020-11-09
2020-08-15,9428,2020-11-09
2020-08-16,3834,2020-11-09
2020-08-17,9667,2020-11-09
2020-08-18,9318,2020-11-09
2020-08-19,9748,2020-11-09
2020-08-20,10379,2020-11-09
2020-08-21,8908,2020-11-09
2020-08-22,7628,2020-11-09
2020-08-23,2013,2020-11-09
2020-08-24,8584,2020-11-09
2020-08-25,11119,2020-11-09
2020-08-26,8517,2020-11-09
2020-08-27,7964,2020-11-09
2020-08-28,9098,2020-11-09
2020-08-29,6452,2020-11-09
2020-08-30,2348,2020-11-09
2020-08-31,6442,2020-11-09
2020-09-01,6359,2020-11-09
2020-09-02,6462,2020-11-09
2020-09-03,3744,2020-11-09
2020-09-04,10024,2020-11-09
2020-09-05,4032,2020-11-09
2020-09-06,1874,2020-11-09
2020-09-07,6313,2020-11-09
2020-09-08,6721,2020-11-09
2020-09-09,6404,2020-11-09
2020-09-10,3849,2020-11-09
2020-09-11,10716,2020-11-09
2020-09-12,5741,2020-11-09
2020-09-13,2018,2020-11-09
2020-09-14,6018,2020-11-09
2020-09-15,5548,2020-11-09
2020-09-16,5616,2020-11-09
2020-09-17,6532,2020-11-09
2020-09-18,6354,2020-11-09
2020-09-19,5374,2020-11-09
2020-09-20,1729,2020-11-09
2020-09-21,5175,2020-11-09
2020-09-22,6197,2020-11-09
2020-09-23,5965,2020-11-09
2020-09-24,5832,2020-11-09
2020-09-25,5690,2020-11-09
2020-09-26,4886,2020-11-09
2020-09-27,1889,2020-11-09
2020-09-28,2360,2020-11-09
2020-09-29,2750,2020-11-09
2020-09-30,3027,2020-11-09
2020-10-01,2722,2020-11-09
2020-10-02,3164,2020-11-09
2020-10-03,2443,2020-11-09
2020-10-04,1187,2020-11-09
2020-10-05,2514,2020-11-09
2020-10-06,2722,2020-11-09
2020-10-07,2986,2020-11-09
2020-10-08,3179,2020-11-09
2020-10-09,3525,2020-11-09
2020-10-10,2348,2020-11-09
2020-10-11,1329,2020-11-09
2020-10-12,3093,2020-11-09
2020-10-13,3443,2020-11-09
2020-10-14,2929,2020-11-09
2020-10-15,2850,2020-11-09
2020-10-16,3651,2020-11-09
2020-10-17,2249,2020-11-09
2020-10-18,1185,2020-11-09
2020-10-19,2621,2020-11-09
2020-10-20,2911,2020-11-09
2020-10-21,2989,2020-11-09
2020-10-22,2544,2020-11-09
2020-10-23,2631,2020-11-09
2020-10-24,1964,2020-11-09
2020-10-25,927,2020-11-09
2020-10-26,2211,2020-11-09
2020-10-27,2348,2020-11-09
2020-10-28,1962,2020-11-09
2020-10-29,2321,2020-11-09
2020-10-30,2118,2020-11-09
2020-10-31,1999,2020-11-09
2020-11-01,784,2020-11-09
2020-11-02,1793,2020-11-09
2020-11-03,2012,2020-11-09
2020-11-04,2079,2020-11-09
2020-11-05,1716,2020-11-09
2020-11-07,780,2020-11-09
2020-03-06,1,2020-11-16
2020-03-07,5,2020-11-16
2020-03-08,2,2020-11-16
2020-03-09,3,2020-11-16
2020-03-10,1,2020-11-16
2020-03-11,8,2020-11-16
2020-03-12,8,2020-11-16
2020-03-13,10,2020-11-16
2020-03-14,19,2020-11-16
2020-03-15,28,2020-11-16
2020-03-16,20,2020-11-16
2020-03-17,27,2020-11-16
2020-03-18,56,2020-11-16
2020-03-19,62,2020-11-16
2020-03-20,56,2020-11-16
2020-03-21,30,2020-11-16
2020-03-22,39,2020-11-16
2020-03-23,33,2020-11-16
2020-03-24,64,2020-11-16
2020-03-25,100,2020-11-16
2020-03-26,52,2020-11-16
2020-03-27,34,2020-11-16
2020-03-28,136,2020-11-16
2020-03-29,143,2020-11-16
2020-03-30,130,2020-11-16
2020-03-31,250,2020-11-16
2020-04-01,117,2020-11-16
2020-04-02,222,2020-11-16
2020-04-03,293,2020-11-16
2020-04-04,837,2020-11-16
2020-04-05,445,2020-11-16
2020-04-06,650,2020-11-16
2020-04-07,1043,2020-11-16
2020-04-08,1085,2020-11-16
2020-04-09,819,2020-11-16
2020-04-10,1040,2020-11-16
2020-04-11,1408,2020-11-16
2020-04-12,745,2020-11-16
2020-04-13,1295,2020-11-16
2020-04-14,1056,2020-11-16
2020-04-15,1401,2020-11-16
2020-04-16,1341,2020-11-16
2020-04-17,1129,2020-11-16
2020-04-18,1427,2020-11-16
2020-04-19,1094,2020-11-16
2020-04-20,2059,2020-11-16
2020-04-21,2190,2020-11-16
2020-04-22,2106,2020-11-16
2020-04-23,2057,2020-11-16
2020-04-24,2240,2020-11-16
2020-04-25,2399,2020-11-16
2020-04-26,1422,2020-11-16
2020-04-27,3401,2020-11-16
2020-04-28,3371,2020-11-16
2020-04-29,4241,2020-11-16
2020-04-30,3373,2020-11-16
2020-05-01,2629,2020-11-16
2020-05-02,3377,2020-11-16
2020-05-03,1923,2020-11-16
2020-05-04,3997,2020-11-16
2020-05-05,3982,2020-11-16
2020-05-06,3639,2020-11-16
2020-05-07,3614,2020-11-16
2020-05-08,3301,2020-11-16
2020-05-09,2472,2020-11-16
2020-05-10,936,2020-11-16
2020-05-11,3601,2020-11-16
2020-05-12,4351,2020-11-16
2020-05-13,4448,2020-11-16
2020-05-14,3739,2020-11-16
2020-05-15,4313,2020-11-16
2020-05-16,4132,2020-11-16
2020-05-17,1785,2020-11-16
2020-05-18,5131,2020-11-16
2020-05-19,5203,2020-11-16
2020-05-20,5299,2020-11-16
2020-05-21,5525,2020-11-16
2020-05-22,6107,2020-11-16
2020-05-23,5411,2020-11-16
2020-05-24,1794,2020-11-16
2020-05-25,6979,2020-11-16
2020-05-26,7005,2020-11-16
2020-05-27,7375,2020-11-16
2020-05-28,6458,2020-11-16
2020-05-29,5757,2020-11-16
2020-05-30,4627,2020-11-16
2020-05-31,2266,2020-11-16
2020-06-01,4282,2020-11-16
2020-06-02,3823,2020-11-16
2020-06-03,2660,2020-11-16
2020-06-04,4113,2020-11-16
2020-06-05,5035,2020-11-16
2020-06-06,4796,2020-11-16
2020-06-07,2649,2020-11-16
2020-06-08,4777,2020-11-16
2020-06-09,5355,2020-11-16
2020-06-10,5765,2020-11-16
2020-06-11,7172,2020-11-16
2020-06-12,4717,2020-11-16
2020-06-13,4515,2020-11-16
2020-06-14,2456,2020-11-16
2020-06-15,4411,2020-11-16
2020-06-16,3455,2020-11-16
2020-06-17,4002,2020-11-16
2020-06-18,3500,2020-11-16
2020-06-19,3606,2020-11-16
2020-06-20,3593,2020-11-16
2020-06-21,1470,2020-11-16
2020-06-22,4430,2020-11-16
2020-06-23,3848,2020-11-16
2020-06-24,4229,2020-11-16
2020-06-25,4280,2020-11-16
2020-06-26,4502,2020-11-16
2020-06-27,3649,2020-11-16
2020-06-28,1622,2020-11-16
2020-06-29,2785,2020-11-16
2020-06-30,3934,2020-11-16
2020-07-01,3799,2020-11-16
2020-07-02,3559,2020-11-16
2020-07-03,4079,2020-11-16
2020-07-04,3611,2020-11-16
2020-07-05,2355,2020-11-16
2020-07-06,3916,2020-11-16
2020-07-07,4231,2020-11-16
2020-07-08,2752,2020-11-16
2020-07-09,2613,2020-11-16
2020-07-10,5098,2020-11-16
2020-07-11,4351,2020-11-16
2020-07-12,2426,2020-11-16
2020-07-13,3291,2020-11-16
2020-07-14,4352,2020-11-16
2020-07-15,4606,2020-11-16
2020-07-16,4700,2020-11-16
2020-07-17,5357,2020-11-16
2020-07-18,5277,2020-11-16
2020-07-19,2351,2020-11-16
2020-07-20,4142,2020-11-16
2020-07-21,5150,2020-11-16
2020-07-22,6266,2020-11-16
2020-07-23,5800,2020-11-16
2020-07-24,6166,2020-11-16
2020-07-25,5836,2020-11-16
2020-07-26,3002,2020-11-16
2020-07-27,7319,2020-11-16
2020-07-28,3131,2020-11-16
2020-07-29,6875,2020-11-16
2020-07-30,7567,2020-11-16
2020-07-31,8020,2020-11-16
2020-08-01,7057,2020-11-16
2020-08-02,3350,2020-11-16
2020-08-03,8205,2020-11-16
2020-08-04,8125,2020-11-16
2020-08-05,7873,2020-11-16
2020-08-06,9060,2020-11-16
2020-08-07,7932,2020-11-16
2020-08-08,7166,2020-11-16
2020-08-09,3693,2020-11-16
2020-08-10,8572,2020-11-16
2020-08-11,9362,2020-11-16
2020-08-12,9736,2020-11-16
2020-08-13,9607,2020-11-16
2020-08-14,10427,2020-11-16
2020-08-15,9431,2020-11-16
2020-08-16,3864,2020-11-16
2020-08-17,9686,2020-11-16
2020-08-18,9336,2020-11-16
2020-08-19,9772,2020-11-16
2020-08-20,10417,2020-11-16
2020-08-21,8921,2020-11-16
2020-08-22,7633,2020-11-16
2020-08-23,2014,2020-11-16
2020-08-24,8628,2020-11-16
2020-08-25,11130,2020-11-16
2020-08-26,8528,2020-11-16
2020-08-27,7979,2020-11-16
2020-08-28,9112,2020-11-16
2020-08-29,6452,2020-11-16
2020-08-30,2348,2020-11-16
2020-08-31,6448,2020-11-16
2020-09-01,6360,2020-11-16
2020-09-02,6469,2020-11-16
2020-09-03,3753,2020-11-16
2020-09-04,10054,2020-11-16
2020-09-05,4039,2020-11-16
2020-09-06,1874,2020-11-16
2020-09-07,6326,2020-11-16
2020-09-08,6765,2020-11-16
2020-09-09,6408,2020-11-16
2020-09-10,3879,2020-11-16
2020-09-11,10744,2020-11-16
2020-09-12,5756,2020-11-16
2020-09-13,2020,2020-11-16
2020-09-14,6044,2020-11-16
2020-09-15,5554,2020-11-16
2020-09-16,5628,2020-11-16
2020-09-17,6547,2020-11-16
2020-09-18,6372,2020-11-16
2020-09-19,5385,2020-11-16
2020-09-20,1732,2020-11-16
2020-09-21,5197,2020-11-16
2020-09-22,6206,2020-11-16
2020-09-23,5977,2020-11-16
2020-09-24,5841,2020-11-16
2020-09-25,5694,2020-11-16
2020-09-26,4897,2020-11-16
2020-09-27,1891,2020-11-16
2020-09-28,2371,2020-11-16
2020-09-29,2824,2020-11-16
2020-09-30,3037,2020-11-16
2020-10-01,2737,2020-11-16
2020-10-02,3189,2020-11-16
2020-10-03,2447,2020-11-16
2020-10-04,1189,2020-11-16
2020-10-05,2534,2020-11-16
2020-10-06,2758,2020-11-16
2020-10-07,3013,2020-11-16
2020-10-08,3196,2020-11-16
2020-10-09,3578,2020-11-16
2020-10-10,2483,2020-11-16
2020-10-11,1338,2020-11-16
2020-10-12,3217,2020-11-16
2020-10-13,3680,2020-11-16
2020-10-14,3009,2020-11-16
2020-10-15,2892,2020-11-16
2020-10-16,3695,2020-11-16
2020-10-17,2299,2020-11-16
2020-10-18,1216,2020-11-16
2020-10-19,2706,2020-11-16
2020-10-20,2960,2020-11-16
2020-10-21,3068,2020-11-16
2020-10-22,2624,2020-11-16
2020-10-23,2711,2020-11-16
2020-10-24,1993,2020-11-16
2020-10-25,934,2020-11-16
2020-10-26,2262,2020-11-16
2020-10-27,2394,2020-11-16
2020-10-28,2002,2020-11-16
2020-10-29,2369,2020-11-16
2020-10-30,2273,2020-11-16
2020-10-31,2068,2020-11-16
2020-11-01,825,2020-11-16
2020-11-02,1898,2020-11-16
2020-11-03,2114,2020-11-16
2020-11-04,2198,2020-11-16
2020-11-05,1923,2020-11-16
2020-11-07,1476,2020-11-16
2020-11-08,886,2020-11-16
2020-11-09,1817,2020-11-16
2020-11-10,1741,2020-11-16
2020-11-11,1622,2020-11-16
2020-11-12,1585,2020-11-16
2020-11-13,1637,2020-11-16
2020-11-14,719,2020-11-16
2020-03-06,1,2020-11-23
2020-03-07,5,2020-11-23
2020-03-08,2,2020-11-23
2020-03-09,3,2020-11-23
2020-03-10,1,2020-11-23
2020-03-11,8,2020-11-23
2020-03-12,8,2020-11-23
2020-03-13,10,2020-11-23
2020-03-14,19,2020-11-23
2020-03-15,28,2020-11-23
2020-03-16,20,2020-11-23
2020-03-17,27,2020-11-23
2020-03-18,56,2020-11-23
2020-03-19,62,2020-11-23
2020-03-20,56,2020-11-23
2020-03-21,30,2020-11-23
2020-03-22,39,2020-11-23
2020-03-23,33,2020-11-23
2020-03-24,64,2020-11-23
2020-03-25,100,2020-11-23
2020-03-26,52,2020-11-23
2020-03-27,34,2020-11-23
2020-03-28,136,2020-11-23
2020-03-29,143,2020-11-23
2020-03-30,130,2020-11-23
2020-03-31,250,2020-11-23
2020-04-01,117,2020-11-23
2020-04-02,222,2020-11-23
2020-04-03,293,2020-11-23
2020-04-04,837,2020-11-23
2020-04-05,445,2020-11-23
2020-04-06,650,2020-11-23
2020-04-07,1043,2020-11-23
2020-04-08,1085,2020-11-23
2020-04-09,819,2020-11-23
2020-04-10,1040,2020-11-23
2020-04-11,1408,2020-11-23
2020-04-12,745,2020-11-23
2020-04-13,1296,2020-11-23
2020-04-14,1056,2020-11-23
2020-04-15,1401,2020-11-23
2020-04-16,1341,2020-11-23
2020-04-17,1129,2020-11-23
2020-04-18,1427,2020-11-23
2020-04-19,1094,2020-11-23
2020-04-20,2059,2020-11-23
2020-04-21,2195,2020-11-23
2020-04-22,2124,2020-11-23
2020-04-23,2079,2020-11-23
2020-04-24,2242,2020-11-23
2020-04-25,2399,2020-11-23
2020-04-26,1423,2020-11-23
2020-04-27,3401,2020-11-23
2020-04-28,3372,2020-11-23
2020-04-29,4241,2020-11-23
2020-04-30,3375,2020-11-23
2020-05-01,2629,2020-11-23
2020-05-02,3377,2020-11-23
2020-05-03,1923,2020-11-23
2020-05-04,3998,2020-11-23
2020-05-05,3985,2020-11-23
2020-05-06,3639,2020-11-23
2020-05-07,3614,2020-11-23
2020-05-08,3301,2020-11-23
2020-05-09,2472,2020-11-23
2020-05-10,936,2020-11-23
2020-05-11,3602,2020-11-23
2020-05-12,4351,2020-11-23
2020-05-13,4449,2020-11-23
2020-05-14,3739,2020-11-23
2020-05-15,4313,2020-11-23
2020-05-16,4133,2020-11-23
2020-05-17,1787,2020-11-23
2020-05-18,5133,2020-11-23
2020-05-19,5203,2020-11-23
2020-05-20,5299,2020-11-23
2020-05-21,5526,2020-11-23
2020-05-22,6109,2020-11-23
2020-05-23,5412,2020-11-23
2020-05-24,1794,2020-11-23
2020-05-25,6981,2020-11-23
2020-05-26,7006,2020-11-23
2020-05-27,7376,2020-11-23
2020-05-28,6462,2020-11-23
2020-05-29,5757,2020-11-23
2020-05-30,4630,2020-11-23
2020-05-31,2268,2020-11-23
2020-06-01,4284,2020-11-23
2020-06-02,3824,2020-11-23
2020-06-03,2660,2020-11-23
2020-06-04,4115,2020-11-23
2020-06-05,5036,2020-11-23
2020-06-06,4798,2020-11-23
2020-06-07,2649,2020-11-23
2020-06-08,4779,2020-11-23
2020-06-09,5356,2020-11-23
2020-06-10,5767,2020-11-23
2020-06-11,7258,2020-11-23
2020-06-12,4719,2020-11-23
2020-06-13,4519,2020-11-23
2020-06-14,2457,2020-11-23
2020-06-15,4428,2020-11-23
2020-06-16,3457,2020-11-23
2020-06-17,4003,2020-11-23
2020-06-18,3503,2020-11-23
2020-06-19,3606,2020-11-23
2020-06-20,3600,2020-11-23
2020-06-21,1472,2020-11-23
2020-06-22,4432,2020-11-23
2020-06-23,3851,2020-11-23
2020-06-24,4229,2020-11-23
2020-06-25,4282,2020-11-23
2020-06-26,4509,2020-11-23
2020-06-27,3651,2020-11-23
2020-06-28,1626,2020-11-23
2020-06-29,2789,2020-11-23
2020-06-30,3943,2020-11-23
2020-07-01,3805,2020-11-23
2020-07-02,3563,2020-11-23
2020-07-03,4080,2020-11-23
2020-07-04,3617,2020-11-23
2020-07-05,2355,2020-11-23
2020-07-06,3918,2020-11-23
2020-07-07,4260,2020-11-23
2020-07-08,2780,2020-11-23
2020-07-09,2650,2020-11-23
2020-07-10,5130,2020-11-23
2020-07-11,4387,2020-11-23
2020-07-12,2444,2020-11-23
2020-07-13,3299,2020-11-23
2020-07-14,4370,2020-11-23
2020-07-15,4619,2020-11-23
2020-07-16,4721,2020-11-23
2020-07-17,5376,2020-11-23
2020-07-18,5292,2020-11-23
2020-07-19,2388,2020-11-23
2020-07-20,4218,2020-11-23
2020-07-21,5233,2020-11-23
2020-07-22,6292,2020-11-23
2020-07-23,5815,2020-11-23
2020-07-24,6198,2020-11-23
2020-07-25,5841,2020-11-23
2020-07-26,3002,2020-11-23
2020-07-27,7322,2020-11-23
2020-07-28,3132,2020-11-23
2020-07-29,6878,2020-11-23
2020-07-30,7589,2020-11-23
2020-07-31,8041,2020-11-23
2020-08-01,7059,2020-11-23
2020-08-02,3363,2020-11-23
2020-08-03,8209,2020-11-23
2020-08-04,8126,2020-11-23
2020-08-05,7876,2020-11-23
2020-08-06,9062,2020-11-23
2020-08-07,7939,2020-11-23
2020-08-08,7167,2020-11-23
2020-08-09,3693,2020-11-23
2020-08-10,8572,2020-11-23
2020-08-11,9363,2020-11-23
2020-08-12,9741,2020-11-23
2020-08-13,9611,2020-11-23
2020-08-14,10449,2020-11-23
2020-08-15,9433,2020-11-23
2020-08-16,3864,2020-11-23
2020-08-17,9686,2020-11-23
2020-08-18,9338,2020-11-23
2020-08-19,9778,2020-11-23
2020-08-20,10422,2020-11-23
2020-08-21,8922,2020-11-23
2020-08-22,7634,2020-11-23
2020-08-23,2015,2020-11-23
2020-08-24,8631,2020-11-23
2020-08-25,11131,2020-11-23
2020-08-26,8528,2020-11-23
2020-08-27,8000,2020-11-23
2020-08-28,9126,2020-11-23
2020-08-29,6459,2020-11-23
2020-08-30,2348,2020-11-23
2020-08-31,6458,2020-11-23
2020-09-01,6361,2020-11-23
2020-09-02,6472,2020-11-23
2020-09-03,3758,2020-11-23
2020-09-04,10058,2020-11-23
2020-09-05,4041,2020-11-23
2020-09-06,1876,2020-11-23
2020-09-07,6332,2020-11-23
2020-09-08,6823,2020-11-23
2020-09-09,6502,2020-11-23
2020-09-10,3889,2020-11-23
2020-09-11,10757,2020-11-23
2020-09-12,5768,2020-11-23
2020-09-13,2025,2020-11-23
2020-09-14,6060,2020-11-23
2020-09-15,5566,2020-11-23
2020-09-16,5658,2020-11-23
2020-09-17,6549,2020-11-23
2020-09-18,6376,2020-11-23
2020-09-19,5387,2020-11-23
2020-09-20,1733,2020-11-23
2020-09-21,5205,2020-11-23
2020-09-22,6222,2020-11-23
2020-09-23,5991,2020-11-23
2020-09-24,5852,2020-11-23
2020-09-25,5713,2020-11-23
2020-09-26,4908,2020-11-23
2020-09-27,1901,2020-11-23
2020-09-28,2381,2020-11-23
2020-09-29,2832,2020-11-23
2020-09-30,3040,2020-11-23
2020-10-01,2745,2020-11-23
2020-10-02,3198,2020-11-23
2020-10-03,2451,2020-11-23
2020-10-04,1189,2020-11-23
2020-10-05,2537,2020-11-23
2020-10-06,2769,2020-11-23
2020-10-07,3017,2020-11-23
2020-10-08,3196,2020-11-23
2020-10-09,3589,2020-11-23
2020-10-10,2498,2020-11-23
2020-10-11,1338,2020-11-23
2020-10-12,3247,2020-11-23
2020-10-13,3715,2020-11-23
2020-10-14,3035,2020-11-23
2020-10-15,2917,2020-11-23
2020-10-16,3741,2020-11-23
2020-10-17,2342,2020-11-23
2020-10-18,1232,2020-11-23
2020-10-19,2739,2020-11-23
2020-10-20,2982,2020-11-23
2020-10-21,3086,2020-11-23
2020-10-22,2650,2020-11-23
2020-10-23,2735,2020-11-23
2020-10-24,2030,2020-11-23
2020-10-25,956,2020-11-23
2020-10-26,2299,2020-11-23
2020-10-27,2431,2020-11-23
2020-10-28,2019,2020-11-23
2020-10-29,2392,2020-11-23
2020-10-30,2292,2020-11-23
2020-10-31,2085,2020-11-23
2020-11-01,835,2020-11-23
2020-11-02,1932,2020-11-23
2020-11-03,2146,2020-11-23
2020-11-04,2236,2020-11-23
2020-11-05,1955,2020-11-23
2020-11-07,1514,2020-11-23
2020-11-08,917,2020-11-23
2020-11-09,1920,2020-11-23
2020-11-10,1915,2020-11-23
2020-11-11,1780,2020-11-23
2020-11-12,1780,2020-11-23
2020-11-13,1880,2020-11-23
2020-11-14,1290,2020-11-23
2020-11-15,808,2020-11-23
2020-11-16,1389,2020-11-23
2020-11-17,1602,2020-11-23
2020-11-18,1334,2020-11-23
2020-11-19,1445,2020-11-23
2020-11-20,816,2020-11-23
